size,average_height
100,13.2954
200,15.828
500,19.469
1000,21.978666666666665
2000,24.84
5000,28.442
10000,31.363333333333333
20000,34.225
50000,38.48
